<?xml version="1.0" encoding="UTF-8"?>
<IPPNIO xsi:noNamespaceSchemaLocation="IPPNIO.xsd" xmlns:xsi="http://www.w3.org/2001/XMLSchema-instance">
	<Version>
		<UUID ExCRC="1">59C48655A3324669B6E513194D2C8BA6</UUID>
		<CfgBrokerVersion>18.630.0.1914</CfgBrokerVersion>
		<CRC CRCVal="2056642570" ExCRC="1"></CRC>
	</Version>
	<CtlrParas>
		<CtlrIP d1="192" d2="168" d3="1" d4="102" ExCRC="1"></CtlrIP>
		<CtlrMask d1="255" d2="255" d3="255" d4="0" ExCRC="1"></CtlrMask>
		<CtlrGate d1="192" d2="168" d3="1" d4="102" ExCRC="1"></CtlrGate>
		<StatN>axc-10501</StatN>
		<Station ExCRC="1"></Station>
		<DevName ExCRC="1"></DevName>
		<ModEquId ExCRC="1"></ModEquId>
		<FDCMLFile>ETHERNET\Phoenix Contact\AXC_1050_dtmv01_3.00.xml</FDCMLFile>
		<CEId>CommEnt_2</CEId>
	</CtlrParas>
	<ARs></ARs>
</IPPNIO>
