﻿<?xml version="1.0" encoding="utf-8"?>
<ArrayOfString>
  <string>IR00000V.DBD</string>
  <string>ICI00001V.DBD</string>
  <string>ICI00002V.DBD</string>
  <string>ICI00003V.DBD</string>
  <string>ICI00004V.DBD</string>
  <string>ICI00005V.DBD</string>
  <string>ICI00006V.DBD</string>
  <string>ICI00007V.DBD</string>
  <string>ICI00008V.DBD</string>
  <string>ICI00009V.DBD</string>
  <string>ICI00010V.DBD</string>
  <string>ICI00011V.DBD</string>
  <string>ICI00012V.DBD</string>
  <string>ICI00013V.DBD</string>
  <string>ICI00014V.DBD</string>
  <string>ICI00015V.DBD</string>
  <string>ICI00016V.DBD</string>
  <string>ICI00017V.DBD</string>
  <string>ICI00018V.DBD</string>
  <string>ICI00019V.DBD</string>
  <string>ICI00020V.DBD</string>
  <string>ICI00021V.DBD</string>
  <string>ICI00022V.DBD</string>
  <string>ICI00023V.DBD</string>
  <string>ICI00024V.DBD</string>
  <string>ICI00025V.DBD</string>
  <string>ICI00026V.DBD</string>
  <string>ICI00027V.DBD</string>
  <string>ICI00028V.DBD</string>
  <string>ICI00029V.DBD</string>
  <string>ICI00030V.DBD</string>
  <string>ICI00031V.DBD</string>
  <string>ICI00032V.DBD</string>
  <string>ICI00033V.DBD</string>
  <string>ICI00034V.DBD</string>
  <string>ICI00041V.DBD</string>
  <string>ICI00042V.DBD</string>
  <string>ICI00048V.DBD</string>
  <string>ICI00043V.DBD</string>
  <string>ICI00044V.DBD</string>
  <string>ICI00045V.DBD</string>
  <string>ICI00037V.DBD</string>
  <string>ICI00046V.DBD</string>
  <string>ICI00047V.DBD</string>
  <string>ICI00036V.DBD</string>
  <string>ICI00049V.DBD</string>
  <string>ICI00050V.DBD</string>
  <string>ICI00051V.DBD</string>
  <string>ICI00038V.DBD</string>
  <string>ICI00057V.DBD</string>
  <string>ICI00058V.DBD</string>
  <string>ICI00059V.DBD</string>
  <string>ICI00060V.DBD</string>
  <string>ICI00061V.DBD</string>
  <string>ICI00062V.DBD</string>
  <string>ICI00063V.DBD</string>
  <string>ICI00064V.DBD</string>
  <string>ICI00065V.DBD</string>
  <string>ICI00066V.DBD</string>
  <string>ICI00067V.DBD</string>
  <string>ICI00052V.DBD</string>
  <string>ICI00068V.DBD</string>
  <string>ICI00069V.DBD</string>
  <string>ICI00070V.DBD</string>
  <string>ICI00071V.DBD</string>
  <string>ICI00072V.DBD</string>
  <string>ICI00073V.DBD</string>
  <string>ICI00074V.DBD</string>
  <string>ICI00075V.DBD</string>
  <string>ICI00076V.DBD</string>
  <string>ICI00053V.DBD</string>
  <string>ICI00054V.DBD</string>
  <string>ICI00055V.DBD</string>
  <string>ICI00056V.DBD</string>
  <string>ICI00039V.DBD</string>
  <string>ICI00077V.DBD</string>
  <string>ICI00040V.DBD</string>
  <string>ICI00035V.DBD</string>
  <string>Console.DLL</string>
  <string>Console.pdb</string>
  <string>ICI00043.DBD</string>
  <string>IL_UNI07.DLL</string>
  <string>IL_UNI07.pdb</string>
  <string>ICI00036.DBD</string>
  <string>MB_RTU_FC3_3.DLL</string>
  <string>MB_RTU_FC3_3.pdb</string>
  <string>ICI00038.DBD</string>
  <string>MB_ILRSUNI07_2.DLL</string>
  <string>MB_ILRSUNI07_2.pdb</string>
  <string>ICI00052.DBD</string>
  <string>MB_RTU_CRC_RCV_3.DLL</string>
  <string>MB_RTU_CRC_RCV_3.pdb</string>
  <string>ICI00075.DBD</string>
  <string>MB_RTU_CRC_Send_V2_00.DLL</string>
  <string>MB_RTU_CRC_Send_V2_00.pdb</string>
  <string>ICI00076.DBD</string>
  <string>MB_RTU_Slave_3.DLL</string>
  <string>MB_RTU_Slave_3.pdb</string>
  <string>ICI00053.DBD</string>
  <string>MB_Serial_In_V2_11.DLL</string>
  <string>MB_Serial_In_V2_11.pdb</string>
  <string>ICI00054.DBD</string>
  <string>MB_Serial_Out_V2_01.DLL</string>
  <string>MB_Serial_Out_V2_01.pdb</string>
  <string>ICI00055.DBD</string>
  <string>MB_ILRSUNI_TRNSP_V1_00.DLL</string>
  <string>MB_ILRSUNI_TRNSP_V1_00.pdb</string>
  <string>ICI00056.DBD</string>
  <string>MB_IL_UNI07_Slave_2.DLL</string>
  <string>MB_IL_UNI07_Slave_2.pdb</string>
  <string>ICI00039.DBD</string>
  <string>MB_RTU_Master_4.DLL</string>
  <string>MB_RTU_Master_4.pdb</string>
  <string>ICI00077.DBD</string>
  <string>MB_IL_UNI07_Master_3.DLL</string>
  <string>MB_IL_UNI07_Master_3.pdb</string>
  <string>ICI00040.DBD</string>
  <string>IB_IL_RS_UNI.DLL</string>
  <string>IB_IL_RS_UNI.pdb</string>
  <string>ICI00035.DBD</string>
  <string>__STD_TSK.DLL</string>
  <string>__STD_TSK.pdb</string>
  <string>eCLRStringConstantContainer.dat</string>
</ArrayOfString>